{"epoch": 9, "loss": 0.5, "accuracy": 0.9, "_timestamp": 1705326348.3967342, "_runtime": 1.879371166229248, "_step": 9, "_wandb": {"runtime": 2}}