{"epoch": 9, "loss": 0.5, "accuracy": 0.9, "_timestamp": 1705322744.445655, "_runtime": 8.526668071746826, "_step": 19, "_wandb": {"runtime": 11}}