{"epoch": 9, "loss": 0.5, "accuracy": 0.9, "_timestamp": 1705321555.9910638, "_runtime": 2.0718038082122803, "_step": 9, "_wandb": {"runtime": 0}}