{"epoch": 3, "loss": 0.30000000000000004, "accuracy": 0.75, "_timestamp": 1705319487.165494, "_runtime": 4159.566544055939, "_step": 3, "_wandb": {"runtime": 1676}}