{"epoch": 9, "loss": 0.5, "accuracy": 0.9, "_timestamp": 1705407237.3758957, "_runtime": 1.672799825668335, "_step": 9}