{"epoch": 9, "loss": 0.5, "accuracy": 0.9, "_timestamp": 1705326334.6937354, "_runtime": 3563.260953426361, "_step": 19, "_wandb": {"runtime": 3570}}