{"global_step": 112640, "_timestamp": 1705524104.7082639, "rollout/ep_len_mean": 1001.0, "rollout/ep_rew_mean": -252.6581573486328, "time/fps": 60.0, "_runtime": 1855.3955698013306, "_step": 54, "train/approx_kl": 0.0089188851416111, "train/explained_variance": 0.9342161417007446, "train/entropy_loss": -4.2664079666137695, "train/policy_gradient_loss": -0.00797964446246624, "train/loss": 0.2825007438659668, "train/learning_rate": 0.0003000000142492354, "train/clip_range": 0.20000000298023224, "train/clip_fraction": 0.08066406100988388, "train/value_loss": 0.7866267561912537, "train/std": 1.0020450353622437, "2vqcmis3_0/global_step": 112640, "2vqcmis3_0/rollout/ep_len_mean": 945.9199829101562, "2vqcmis3_0/rollout/ep_rew_mean": -112.50409698486328, "2vqcmis3_0/time/fps": 60.0, "2vqcmis3_0/train/entropy_loss": -4.077460289001465, "2vqcmis3_0/train/clip_range": 0.20000000298023224, "2vqcmis3_0/train/policy_gradient_loss": -0.007580600678920746, "2vqcmis3_0/train/loss": -0.02301837131381035, "2vqcmis3_0/train/learning_rate": 0.0003000000142492354, "2vqcmis3_0/train/explained_variance": 0.6949278712272644, "2vqcmis3_0/train/clip_fraction": 0.08437500149011612, "2vqcmis3_0/train/approx_kl": 0.009430459700524807, "2vqcmis3_0/train/value_loss": 0.058223627507686615, "2vqcmis3_0/train/std": 0.9486292004585266, "_wandb": {"runtime": 1855}}