{"epoch": 9, "loss": 0.5, "accuracy": 0.9, "_timestamp": 1705321065.2590451, "_runtime": 1.6472082138061523, "_step": 9, "_wandb": {"runtime": 485}}