{"global_step": 110592, "_timestamp": 1705439360.5568266, "rollout/ep_len_mean": 200.0, "time/fps": 1335.0, "rollout/ep_rew_mean": -1198.766845703125, "_runtime": 87.93040466308594, "_step": 53, "train/policy_gradient_loss": -0.0007403896888718009, "train/approx_kl": 0.002317390637472272, "train/loss": 4980.72412109375, "train/learning_rate": 0.0003000000142492354, "train/explained_variance": 0.004164516925811768, "train/entropy_loss": -1.4027354717254639, "train/clip_fraction": 0.004638671875, "train/clip_range": 0.20000000298023224, "train/std": 0.980083703994751, "train/value_loss": 10899.794921875, "407epi2x_0/global_step": 110592, "407epi2x_0/rollout/ep_rew_mean": -1018.8735961914062, "407epi2x_0/rollout/ep_len_mean": 200.0, "407epi2x_0/time/fps": 1472.0, "407epi2x_0/train/approx_kl": 0.009038688614964485, "407epi2x_0/train/explained_variance": 8.940696716308594e-07, "407epi2x_0/train/entropy_loss": -1.2625529766082764, "407epi2x_0/train/policy_gradient_loss": -0.004671608563512564, "407epi2x_0/train/loss": 407.33917236328125, "407epi2x_0/train/learning_rate": 0.0003000000142492354, "407epi2x_0/train/clip_range": 0.20000000298023224, "407epi2x_0/train/clip_fraction": 0.09335937350988388, "407epi2x_0/train/value_loss": 881.7640380859375, "407epi2x_0/train/std": 0.854410707950592}