{"epoch": 9, "loss": 0.5, "accuracy": 0.9, "_timestamp": 1705320966.1290977, "_runtime": 73.32145380973816, "_step": 19, "_wandb": {"runtime": 86}}