{"global_step": 110592, "_timestamp": 1705429530.1488805, "rollout/ep_rew_mean": -1208.1138916015625, "time/fps": 1031.0, "rollout/ep_len_mean": 200.0, "_runtime": 167.7983124256134, "_step": 53, "train/approx_kl": 0.0008221406606025994, "train/std": 1.0054054260253906, "train/policy_gradient_loss": -0.0005202651955187321, "train/loss": 3723.09716796875, "train/learning_rate": 0.0003000000142492354, "train/explained_variance": 0.021252036094665527, "train/entropy_loss": -1.4188294410705566, "train/clip_range": 0.20000000298023224, "train/clip_fraction": 0.0006347656017169356, "train/value_loss": 7970.85693359375, "p0kkokk6_0/global_step": 110592, "p0kkokk6_0/rollout/ep_len_mean": 200.0, "p0kkokk6_0/rollout/ep_rew_mean": -1047.3974609375, "p0kkokk6_0/time/fps": 1434.0, "p0kkokk6_0/train/entropy_loss": -1.2075610160827637, "p0kkokk6_0/train/clip_range": 0.20000000298023224, "p0kkokk6_0/train/policy_gradient_loss": -0.0022141733206808567, "p0kkokk6_0/train/loss": 423.65338134765625, "p0kkokk6_0/train/learning_rate": 0.0003000000142492354, "p0kkokk6_0/train/explained_variance": 1.7285346984863281e-06, "p0kkokk6_0/train/clip_fraction": 0.03486328199505806, "p0kkokk6_0/train/approx_kl": 0.0044263568706810474, "p0kkokk6_0/train/value_loss": 822.20556640625, "p0kkokk6_0/train/std": 0.7965244650840759}