{"epoch": 9, "loss": 0.5, "accuracy": 0.9, "_timestamp": 1705322756.6133604, "_runtime": 3.9628584384918213, "_step": 9, "_wandb": {"runtime": 0}}