{"loss": [0.1716809868812561, 0.022203460335731506, 0.017595617100596428, 0.013926107436418533, 0.013490702025592327, 0.013969451189041138, 0.013546199537813663, 0.012129727751016617, 0.011159515008330345, 0.011545938439667225], "mean_f1_score": [0.45777565240859985, 0.6197685599327087, 0.6390552520751953, 0.6609880328178406, 0.662402331829071, 0.6597093939781189, 0.661509096622467, 0.6752766370773315, 0.733738899230957, 0.7618181109428406], "mean_iou": [0.3789985179901123, 0.5433931946754456, 0.5688502788543701, 0.6005144715309143, 0.6024027466773987, 0.598421573638916, 0.6006788611412048, 0.6158601641654968, 0.6546320915222168, 0.6715579032897949], "f1_score_class_0": [0.48600414395332336, 0.7056404948234558, 0.7388799786567688, 0.7667398452758789, 0.7720649242401123, 0.7676743268966675, 0.7769074440002441, 0.7825741171836853, 0.7887420058250427, 0.7900557518005371], "iou_class_0": [0.321007639169693, 0.5451658964157104, 0.585891842842102, 0.6217178702354431, 0.628750741481781, 0.6229475736618042, 0.635199248790741, 0.6428106427192688, 0.6511759757995605, 0.6529688239097595], "f1_score_class_1": [0.35556522011756897, 0.7766661643981934, 0.8201853036880493, 0.879530131816864, 0.8798211216926575, 0.8735208511352539, 0.8714155554771423, 0.8967022895812988, 0.9112165570259094, 0.9002441167831421], "iou_class_1": [0.21622340381145477, 0.6348767876625061, 0.6951815485954285, 0.7849655747413635, 0.7854292988777161, 0.7754436135292053, 0.7721315622329712, 0.8127474784851074, 0.8369127511978149, 0.8185855150222778], "f1_score_class_2": [0.00035709835356101394, 1.7201571608893573e-05, 0.0, 0.0, 1.738609716994688e-05, 0.0, 3.470999945420772e-05, 0.023954126983880997, 0.23699313402175903, 0.35903623700141907], "iou_class_2": [0.00017858292267192155, 8.602224625064991e-06, 0.0, 0.0, 8.693459676578641e-06, 0.0, 1.73556873050984e-05, 0.012122253887355328, 0.134425550699234, 0.2187959849834442], "f1_score_class_3": [0.9891760945320129, 0.9967502355575562, 0.9971556067466736, 0.9976820945739746, 0.99770587682724, 0.997642457485199, 0.9976786375045776, 0.9978758692741394, 0.9980039596557617, 0.9979363679885864], "iou_class_3": [0.9785845279693604, 0.9935214519500732, 0.9943277835845947, 0.9953744411468506, 0.9954222440719604, 0.9952951073646545, 0.9953673481941223, 0.9957603812217712, 0.9960141181945801, 0.9958814978599548], "accuracy": [0.9780411124229431, 0.9933090806007385, 0.9941456913948059, 0.9951977133750916, 0.9952517151832581, 0.9951134920120239, 0.9952027201652527, 0.995593786239624, 0.9958618879318237, 0.9957340955734253], "val_loss": [0.020666390657424927, 0.015314868651330471, 0.01454559899866581, 2.799142360687256, 0.03144761174917221, 0.011137555353343487, 0.0126377884298563, 0.012293567880988121, 0.020959069952368736, 0.012996498495340347], "val_mean_f1_score": [0.6551677584648132, 0.6767494678497314, 0.6698918342590332, 0.5902668237686157, 0.6188153624534607, 0.6913776993751526, 0.6820903420448303, 0.6890072226524353, 0.700496256351471, 0.7999202013015747], "val_mean_iou": [0.5920364260673523, 0.6236627697944641, 0.6145995855331421, 0.5214219093322754, 0.5412807464599609, 0.6460841298103333, 0.6326701641082764, 0.6428403854370117, 0.6273994445800781, 0.7141326069831848], "val_f1_score_class_0": [0.7556938529014587, 0.8039669394493103, 0.7727934718132019, 0.5024728775024414, 0.7333811521530151, 0.8426454663276672, 0.8050835132598877, 0.829204261302948, 0.7353560328483582, 0.8264533877372742], "val_iou_class_0": [0.6073215007781982, 0.6721946001052856, 0.6297175288200378, 0.33553510904312134, 0.5790070295333862, 0.7280791401863098, 0.6737572550773621, 0.7082400321960449, 0.5814728736877441, 0.7042357325553894], "val_f1_score_class_1": [0.8678435683250427, 0.9053006172180176, 0.9091866612434387, 0.8632056713104248, 0.7468106746673584, 0.9248020648956299, 0.9253954291343689, 0.9288042783737183, 0.9219264388084412, 0.9308795928955078], "val_iou_class_1": [0.7665404677391052, 0.826985776424408, 0.8334943652153015, 0.7593333125114441, 0.5959281325340271, 0.860122799873352, 0.861149787902832, 0.867072582244873, 0.8551610112190247, 0.8706969022750854], "val_f1_score_class_2": [0.0, 0.0, 0.0, 0.0, 0.0, 0.0, 0.0, 0.0, 0.14826881885528564, 0.4443858563899994], "val_iou_class_2": [0.0, 0.0, 0.0, 0.0, 0.0, 0.0, 0.0, 0.0, 0.0800703912973404, 0.28566592931747437], "val_f1_score_class_3": [0.9971336126327515, 0.9977303743362427, 0.9975871443748474, 0.9953886866569519, 0.9950696229934692, 0.9980633854866028, 0.9978823065757751, 0.9980204105377197, 0.9964337348937988, 0.9979617595672607], "val_iou_class_3": [0.9942837357521057, 0.9954707026481628, 0.9951863884925842, 0.9908192753791809, 0.9901877641677856, 0.9961344599723816, 0.9957736134529114, 0.9960489869117737, 0.992893397808075, 0.9959319829940796], "val_accuracy": [0.9940769672393799, 0.9952366352081299, 0.9949849247932434, 0.9904699325561523, 0.9899870157241821, 0.9959191679954529, 0.995589017868042, 0.9957959651947021, 0.9927397966384888, 0.9957597255706787]}