{"loss": [0.1521768867969513, 0.02116549387574196, 0.022550053894519806, 0.01581810601055622, 0.014128228649497032, 0.013451585546135902, 0.01207160297781229, 0.013256361708045006, 0.011671657674014568, 0.011159301735460758, 0.011346970684826374, 0.010646024718880653, 0.011635023169219494, 0.011158613488078117, 0.010293858125805855, 0.010610217228531837, 0.009916299022734165, 0.010215980932116508, 0.010256803594529629, 0.010200994089245796, 0.009602992795407772, 0.010032563470304012, 0.009498059749603271, 0.009821191430091858, 0.009330399334430695, 0.009432260878384113, 0.009889386594295502, 0.009131486527621746, 0.009178455919027328, 0.009090840816497803, 0.008989372290670872, 0.008998541161417961, 0.009348488412797451], "f1_score": [0.45839932560920715, 0.6235491633415222, 0.6164320111274719, 0.6518109440803528, 0.6587578654289246, 0.6655126810073853, 0.7232841849327087, 0.7401926517486572, 0.7754728198051453, 0.792669415473938, 0.7940490245819092, 0.8082343339920044, 0.8009926080703735, 0.809167742729187, 0.8154158592224121, 0.8083692193031311, 0.8244729042053223, 0.8229769468307495, 0.8186749219894409, 0.8193718791007996, 0.8332015872001648, 0.8288784027099609, 0.8331766724586487, 0.8338764905929565, 0.8402766585350037, 0.8386339545249939, 0.8286030888557434, 0.844489574432373, 0.844929039478302, 0.8439246416091919, 0.8440176844596863, 0.8502349853515625, 0.8448150157928467], "iou": [0.3803648352622986, 0.5479372143745422, 0.5388503074645996, 0.5872917175292969, 0.5969343781471252, 0.6040046811103821, 0.6440343856811523, 0.6500632166862488, 0.6824492812156677, 0.6986280679702759, 0.6986599564552307, 0.7139137983322144, 0.7036267518997192, 0.7125895619392395, 0.7221567630767822, 0.7139130234718323, 0.7319880723953247, 0.7292221784591675, 0.7245895862579346, 0.7261889576911926, 0.7414739727973938, 0.7353793382644653, 0.7417137026786804, 0.7412829399108887, 0.7494019269943237, 0.7475791573524475, 0.7359182834625244, 0.7546343803405762, 0.7547491192817688, 0.7538119554519653, 0.7543267011642456, 0.7610611915588379, 0.7540576457977295], "f1_c0": [0.49729686975479126, 0.7219848036766052, 0.7095045447349548, 0.7493119835853577, 0.7675092220306396, 0.7735323905944824, 0.7834713459014893, 0.7752723693847656, 0.7866266369819641, 0.7911477088928223, 0.7929680943489075, 0.7957057356834412, 0.7905703186988831, 0.7949860095977783, 0.7999375462532043, 0.7989628314971924, 0.8016642928123474, 0.8016330599784851, 0.8018355965614319, 0.8007181286811829, 0.8060749769210815, 0.8034569025039673, 0.8075132966041565, 0.8051662445068359, 0.8092049956321716, 0.807657778263092, 0.8063744902610779, 0.8113523125648499, 0.809968113899231, 0.8111662864685059, 0.8122761249542236, 0.8122172951698303, 0.8111569881439209], "iou_c0": [0.33093491196632385, 0.5649267435073853, 0.549792468547821, 0.5991199612617493, 0.6227303147315979, 0.6306995153427124, 0.6440221071243286, 0.6330162882804871, 0.6482973694801331, 0.6544620394706726, 0.6569570899009705, 0.6607238054275513, 0.6536721587181091, 0.6597318649291992, 0.6665800213813782, 0.6652274131774902, 0.6689814329147339, 0.6689379811286926, 0.6692201495170593, 0.6676647663116455, 0.6751472353935242, 0.6714817881584167, 0.6771676540374756, 0.6738731861114502, 0.6795501708984375, 0.6773708462715149, 0.6755673885345459, 0.6825845241546631, 0.6806272864341736, 0.6823211312294006, 0.683893084526062, 0.6838096380233765, 0.68230801820755], "f1_c1": [0.34516221284866333, 0.7754122614860535, 0.7595553994178772, 0.8604699373245239, 0.8699073195457458, 0.8788345456123352, 0.8997087478637695, 0.8846205472946167, 0.9043442606925964, 0.9108209013938904, 0.904033899307251, 0.9153925776481628, 0.8994089365005493, 0.9043424129486084, 0.9208880662918091, 0.9128109812736511, 0.9257587790489197, 0.918817937374115, 0.9162883758544922, 0.9218365550041199, 0.9273844957351685, 0.9193024635314941, 0.9280720949172974, 0.9228731393814087, 0.9289675951004028, 0.9292477965354919, 0.9222478866577148, 0.9321799874305725, 0.9307416081428528, 0.93100506067276, 0.9328595995903015, 0.9326466917991638, 0.9267371892929077], "iou_c1": [0.2085777074098587, 0.633202850818634, 0.612325131893158, 0.7551095485687256, 0.7697663903236389, 0.783858060836792, 0.8177006840705872, 0.7931118607521057, 0.8253908157348633, 0.8362453579902649, 0.8248739838600159, 0.8439852595329285, 0.8172054886817932, 0.8253878951072693, 0.8533759713172913, 0.8396067023277283, 0.8617793321609497, 0.8498271703720093, 0.8455095291137695, 0.8550063967704773, 0.8646011352539062, 0.8506566882133484, 0.865797221660614, 0.856791615486145, 0.8673573136329651, 0.867845892906189, 0.8557143211364746, 0.8729749917984009, 0.8704553842544556, 0.8709164261817932, 0.8741676807403564, 0.8737939596176147, 0.8634766340255737], "f1_c2": [0.0003310866595711559, 0.0, 5.012310066376813e-05, 0.0, 0.0, 0.011969022452831268, 0.21205447614192963, 0.3031464219093323, 0.4129829406738281, 0.4707072079181671, 0.48121652007102966, 0.5237720012664795, 0.5160644054412842, 0.5393581986427307, 0.5427120327949524, 0.5236383676528931, 0.5723066926002502, 0.573333740234375, 0.5584750771522522, 0.5567985773086548, 0.6011486053466797, 0.5946177244186401, 0.5989078283309937, 0.609298586845398, 0.6247028708457947, 0.6194133162498474, 0.5876228213310242, 0.6361693143844604, 0.6407573819160461, 0.6352711915969849, 0.6326644420623779, 0.657809317111969, 0.643143892288208], "iou_c2": [0.000165574238053523, 0.0, 2.506621603970416e-05, 0.0, 0.0, 0.006020542699843645, 0.11860233545303345, 0.1786521077156067, 0.26022595167160034, 0.30779406428337097, 0.3168434798717499, 0.3548043668270111, 0.3477674424648285, 0.3692611753940582, 0.37241238355636597, 0.35468167066574097, 0.40086111426353455, 0.4018695652484894, 0.3874197006225586, 0.3858080208301544, 0.42974454164505005, 0.42310041189193726, 0.4274579584598541, 0.43812325596809387, 0.4542311728000641, 0.4486595392227173, 0.41605237126350403, 0.466457724571228, 0.4714076817035675, 0.46549272537231445, 0.4626987874507904, 0.49010130763053894, 0.47399571537971497], "f1_c3": [0.9908071160316467, 0.996799647808075, 0.9966179132461548, 0.9974617958068848, 0.997614860534668, 0.9977149367332458, 0.9979022145271301, 0.9977313280105591, 0.9979374408721924, 0.9980016350746155, 0.997977614402771, 0.9980670809745789, 0.9979267716407776, 0.9979844689369202, 0.9981256127357483, 0.9980646967887878, 0.9981618523597717, 0.9981229901313782, 0.998100757598877, 0.998134195804596, 0.9981982111930847, 0.9981366991996765, 0.9982134103775024, 0.9981680512428284, 0.9982312917709351, 0.9982169270515442, 0.998167097568512, 0.9982567429542542, 0.9982490539550781, 0.9982560276985168, 0.998270571231842, 0.9982666373252869, 0.9982219934463501], "iou_c3": [0.9817811846733093, 0.9936192631721497, 0.9932585954666138, 0.9949373006820679, 0.9952408671379089, 0.995440661907196, 0.9958124756813049, 0.9954726099967957, 0.9958829879760742, 0.9960108995437622, 0.995965301990509, 0.9961417317390442, 0.9958620071411133, 0.9959772825241089, 0.9962588548660278, 0.9961363077163696, 0.9963303208351135, 0.9962540864944458, 0.9962089657783508, 0.9962765574455261, 0.99640291929245, 0.9962785243988037, 0.9964318871498108, 0.9963435530662537, 0.996469259262085, 0.9964403510093689, 0.9963390827178955, 0.9965201020240784, 0.9965062141418457, 0.9965174794197083, 0.9965471625328064, 0.9965397715568542, 0.9964500069618225],