{"loss": [0.08935445547103882, 0.011625534854829311, 0.009712780825793743, 0.010206039994955063, 0.00853164866566658, 0.009072210639715195, 0.008412102237343788, 0.008622517809271812, 0.00825019646435976, 0.007780182175338268, 0.0076871090568602085, 0.00754043273627758, 0.007459843065589666, 0.007261970546096563, 0.00737044820562005, 0.0072036306373775005, 0.007144126575440168, 0.0071050734259188175, 0.007060220930725336, 0.006854057777673006, 0.006837920285761356, 0.006818799767643213, 0.006777290720492601, 0.00670856237411499, 0.006649950053542852, 0.006652589421719313, 0.006577725987881422, 0.006497559603303671], "f1_score": [0.44207456707954407, 0.7241343259811401, 0.7515852451324463, 0.7397182583808899, 0.7723023295402527, 0.7618772387504578, 0.7785270810127258, 0.7737677097320557, 0.7794180512428284, 0.7904701232910156, 0.7918598651885986, 0.7943031191825867, 0.7971116304397583, 0.8018288612365723, 0.799589991569519, 0.8029550313949585, 0.8044239282608032, 0.8050333261489868, 0.8058889508247375, 0.8098360300064087, 0.8099827766418457, 0.8099116683006287, 0.8112056851387024, 0.8126952648162842, 0.8146691918373108, 0.8138063549995422, 0.8160839080810547, 0.8174038529396057], "iou": [0.2837585508823395, 0.5675632357597351, 0.6020317673683167, 0.5869467258453369, 0.6290656924247742, 0.6153486967086792, 0.6373675465583801, 0.6310124397277832, 0.6385626792907715, 0.6535350680351257, 0.6554371118545532, 0.6587917804718018, 0.6626648306846619, 0.6692107319831848, 0.6660973429679871, 0.6707810163497925, 0.6728338003158569, 0.6736869215965271, 0.6748861074447632, 0.6804408431053162, 0.6806480884552002, 0.6805475950241089, 0.6823768615722656, 0.6844875812530518, 0.6872928142547607, 0.6860654354095459, 0.6893090009689331, 0.6911944150924683], "val_loss": [0.013624433428049088, 0.011796590872108936, 0.07854951918125153, 0.01154793705791235, 0.013512570410966873, 0.010235250927507877, 0.4019041359424591, 0.009946797043085098, 0.008578379638493061, 0.009581489488482475, 0.008096534758806229, 0.012229685671627522, 0.00955208484083414, 0.010989340953528881, 0.016715511679649353, 0.00897887907922268, 0.009512677788734436, 0.007738510146737099, 0.012842739932239056, 0.00905403308570385, 0.008800172246992588, 0.010146934539079666, 0.008995899930596352, 0.015916865319013596, 0.009605583734810352, 0.01048873458057642, 0.008575092069804668, 0.008971807546913624], "val_f1_score": [0.7956063151359558, 0.7990545034408569, 0.7440263032913208, 0.8049983978271484, 0.7612810134887695, 0.7966722846031189, 0.8064683079719543, 0.8134679794311523, 0.8392078280448914, 0.8164711594581604, 0.8328613042831421, 0.7736559510231018, 0.8308094143867493, 0.8183020949363708, 0.655327558517456, 0.8276305794715881, 0.8345351815223694, 0.846778392791748, 0.7811369299888611, 0.8139959573745728, 0.8287175297737122, 0.8324841260910034, 0.8408437967300415, 0.7082322835922241, 0.8371915817260742, 0.8340543508529663, 0.8458142876625061, 0.8397395610809326], "val_iou": [0.6605867743492126, 0.6653546094894409, 0.5923901200294495, 0.6736379265785217, 0.6145712733268738, 0.6620576977729797, 0.6756992340087891, 0.6855846047401428, 0.7229613065719604, 0.6898616552352905, 0.7135924100875854, 0.6308636665344238, 0.7105851769447327, 0.6924800872802734, 0.48735111951828003, 0.7059469819068909, 0.7160536050796509, 0.7342720627784729, 0.6408735513687134, 0.686335027217865, 0.7075302004814148, 0.7130389213562012, 0.7253930568695068, 0.5482659339904785, 0.7199738621711731, 0.7153459191322327, 0.7328234314918518, 0.7237508893013]}