{"epoch": 9, "loss": 0.5, "accuracy": 0.9, "_timestamp": 1705334877.6477833, "_runtime": 2.599919319152832, "_step": 9}