{"global_step": 110592, "_timestamp": 1705430777.4632142, "rollout/ep_len_mean": 200.0, "time/fps": 1334.0, "rollout/ep_rew_mean": -1163.0377197265625, "_runtime": 92.1602041721344, "_step": 53, "train/std": 0.9854738116264343, "train/policy_gradient_loss": -0.001397275598719716, "train/value_loss": 8754.232421875, "train/approx_kl": 0.0026401591021567583, "train/loss": 4126.38525390625, "train/learning_rate": 0.0003000000142492354, "train/explained_variance": 0.016954541206359863, "train/entropy_loss": -1.4051238298416138, "train/clip_range": 0.20000000298023224, "train/clip_fraction": 0.00961914099752903, "rnqhgrgh_0/global_step": 110592, "rnqhgrgh_0/rollout/ep_len_mean": 200.0, "rnqhgrgh_0/time/fps": 1442.0, "rnqhgrgh_0/rollout/ep_rew_mean": -1008.5026245117188, "rnqhgrgh_0/train/approx_kl": 0.0034873345866799355, "rnqhgrgh_0/train/explained_variance": 1.2516975402832031e-06, "rnqhgrgh_0/train/entropy_loss": -1.206490159034729, "rnqhgrgh_0/train/policy_gradient_loss": -0.0016975643811747432, "rnqhgrgh_0/train/loss": 506.5028991699219, "rnqhgrgh_0/train/learning_rate": 0.0003000000142492354, "rnqhgrgh_0/train/clip_range": 0.20000000298023224, "rnqhgrgh_0/train/clip_fraction": 0.025390625, "rnqhgrgh_0/train/value_loss": 1201.4027099609375, "rnqhgrgh_0/train/std": 0.80999356508255}